<odoo>
    <data noupdate="0">
        <record forcecreate="True" id="s_shopify_registry_app" model="s.app">
            <field name="name">s_shopify_registry</field>
            <field name="base_url">https://app.mobileappseed.com</field>
            <field name="webhook_base_url">https://app.mobileappseed.com</field>
            <field name="sp_api_version">2021-07</field>
            <field name="sp_api_key">b80edb65358a9a6814141d627c7edb46</field>
            <field name="sp_api_secret_key">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</field>
        </record>
    </data>
</odoo>