<?xml version="1.0" encoding="utf-8"?>
<odoo>
    <data noupdate="1">
        <record id="shopify_registry_data_group" model="res.groups">
            <field name="name">##Shopify Gift Registry Group</field>
            <field name="category_id" ref="s_base.group_s_base"/>
            <field name="implied_ids" eval="[(4, ref('s_base.shopify_base_group'))]"/>
        </record>
        <record id="shopify_registry_data_group_plan" model="res.groups">
            <field name="name">##Shopify Gift Registry PLAN</field>
            <field name="category_id" ref="s_base.group_s_base"/>
            <field name="implied_ids" eval="[(4, ref('s_base.shopify_base_group'))]"/>
        </record>
    </data>
</odoo>