id,name,model_id:id,group_id:id,perm_read,perm_write,perm_create,perm_unlink
access_s_shopify_registry_s_shopify_registry,s_shopify_registry.s_shopify_registry,model_s_shopify_registry_s_shopify_registry,base.group_user,1,1,1,1
access_s_shopify_registry_s_shopify_registry_event,s_shopify_registry.s_shopify_registry_event,model_s_shopify_registry_s_shopify_registry_event,base.group_user,1,1,1,1
access_s_shopify_registry_s_shopify_registry_item,s_shopify_registry.s_shopify_registry_item,model_s_shopify_registry_s_shopify_registry_item,base.group_user,1,1,1,1
access_s_shopify_registry_s_shopify_registry_order,s_shopify_registry.s_shopify_registry_order,model_s_shopify_registry_s_shopify_registry_order,base.group_user,1,1,1,1
access_s_shopify_registry_setting,s_shopify_registry.setting,model_s_shopify_registry_setting,base.group_user,1,1,1,1
access_s_shopify_registry_country,s_shopify_registry.country,model_s_shopify_registry_country,base.group_user,1,1,1,1
access_s_shopify_registry_city,s_shopify_registry.city,model_s_shopify_registry_city,base.group_user,1,1,1,1