<?xml version="1.0" encoding="utf-8"?>
<odoo>

    <record model="ir.rule" id="see_own_gift_registry">
        <field name="name">See  Own Registry which belongs to the shop</field>
        <field name="model_id" ref="model_s_shopify_registry_s_shopify_registry"/>
        <field name="domain_force">[('sp_shop_id','=',user.sp_shop_id.id)]</field>
        <field name="groups" eval="[(4, ref('shopify_registry_data_group'))]"/>
        <field name="perm_create" eval="1"/>
        <field name="perm_write" eval="1"/>
        <field name="perm_unlink" eval="1"/>
        <field name="perm_read" eval="1"/>
    </record>


</odoo>